{"cameraMode":{"drawMode":0,"name":"Shaded","section":"Shading Mode"},"sceneLighting":true,"audioPlay":false,"sceneViewState":{"m_AlwaysRefresh":false,"showFog":true,"showSkybox":true,"showFlares":true,"showImageEffects":true,"showParticleSystems":true,"showVisualEffectGraphs":true,"m_FxEnabled":true},"in2DMode":false,"pivot":{"x":1.087064504623413,"y":6.340365409851074,"z":-9.964553833007813},"rotation":{"x":0.10412690043449402,"y":0.11312814801931381,"z":-0.011915544979274273,"w":0.9880473613739014},"size":0.29159045219421389,"orthographic":false}